"","compounds"
"1","HYDROCARBONS"
"2","heptane"
"3","octane"
"4","nonane"
"5","decane"
"6","undecane"
"7","pentadecane"
"8","ethylene"
"9","camphene"
"10","3-carene"
"11","limonene"
"12","myrcene"
"13","a-phellandrene"
"14","ß-phellandrene"
"15","o-pinene"
"16","3-pinene"
"17","sabinene"
"18","terpinolene"
"19","triisobutylene"
"20","benzene"
"21","toluene"
"22","ethylbenzene"
"23","styrene"
"24","propylbenzene"
"25","cumene"
"26","butylbenzene"
"27","o-xylene"
"28","m-xylene"
"29","p-xylene"
"30","l-ethyl-4-methylbenzene"
"31","diethylbenzene"
"32","cymene"
"33","p-cymene"
"34","trimethylbenzene"
"35","hemimellitene"
"36","pseudocumene"
"37","mesitylene"
"38","biphenyl"
"39","naphtalene"
"40","ALCOHOLS"
"41","methanol"
"42","ethanol"
"43","1-propanol"
"44","2-propanol"
"45","2-methyl-l-propanol"
"46","2-methyl-2-propanol"
"47","2-propen-l-ol"
"48","1-butanol"
"49","2-butanol"
"50","buten-1-ol"
"51","2-methyl-l-butanol"
"52","3-methyl-l-butanol"
"53","3-methyl-2-buten-l-ol"
"54","2-methyl-3-buten-2-ol"
"55","2,3-butanediol"
"56","1-pentanol"
"57","2-pentanol"
"58","3-pentanol"
"59","cis-3-penten-l-ol"
"60","l-penten-3-ol"
"61","2-methyl-l-pentanol"
"62","3-methyl-l-pentanol"
"63","2-methyl-2-pentanol"
"64","1-hexanol"
"65","2-hexanol"
"66","hexenol"
"67","2-hexen-l-ol"
"68","cis-2-hexen-l-ol"
"69","trans-2-hexen-l-ol"
"70","3-hexen-l-ol"
"71","cis-3-hexen-l-ol"
"72","trans-3-hexen-1-ol"
"73","cis-4-hexen-l-ol"
"74","methylhexanol"
"75","2-methyl-3-hexanol"
"76","5-methyl-1-hexanol"
"77","1-heptanol"
"78","2-heptanol"
"79","4-heptanol"
"80","6-methyl-5-hepten-2-ol"
"81","1-octanol"
"82","l-octen-3-ol"
"83","7-methyl-l-octanol"
"84","1-decanol"
"85","8-p-cymenol"
"86","citronellol"
"87","farnesol"
"88","geraniol"
"89","linalool"
"90","nerol"
"91","nerolidol"
"92","terpinen-4-ol"
"93","o-terpineol"
"94","benzylalcohol"
"95","2-phenylethanol"
"96","4-isopropylbenzylalcohol"
"97","menthol"
"98","PHENOLS"
"99","phenol"
"100","o-cresol"
"101","p-cresol"
"102","4-ethylphenol"
"103","4-vinylphenol"
"104","guaiacol"
"105","4-ethyl-2-methoxyphenol"
"106","2-methoxy-4-vinylphenol"
"107","eugenol"
"108","3,4-xylenol"
"109","ETHERS"
"110","diethylether"
"111","1,1-dipropoxyethane"
"112","1-ethoxy-l(3-methylbutoxy)-ethane"
"113","1-ethoxy-l-pentoxyethane"
"114","l-methoxy-4-methylbenzene"
"115","isopropyl-methoxybenzene"
"116","2-methoxy-biphenyl"
"117","ALDEHYDES"
"118","formaldehyde"
"119","acetaldehyde"
"120","propanal"
"121","acrolein"
"122","2-methylpropanal"
"123","butanal"
"124","2-butenal"
"125","2-methylbutanal"
"126","3-methylbutanal"
"127","2-methyl-2-butenal"
"128","tiglaldehyde"
"129","pentanal"
"130","2-pentenal"
"131","trans-2-pentenal"
"132","3-pentenal"
"133","methylpentenal"
"134","hexanal"
"135","hexenal"
"136","2-hexenal"
"137","cis-2-hexenal"
"138","trans-2-hexenal"
"139","cis-3-hexenal"
"140","2E,4Z-hexadienal"
"141","2E,4E-hexadienal"
"142","heptanal"
"143","heptenal"
"144","2-heptenal"
"145","trans-2-heptenal"
"146","2E,4Z-heptadienal"
"147","2E,4E-heptadienal"
"148","octanal"
"149","2-octenal"
"150","trans-2-octenal"
"151","nonanal"
"152","2-nonenal"
"153","trans-2-nonenal"
"154","2E,4E-nonadienal"
"155","decanal"
"156","2-decenal"
"157","2,4-decadienal"
"158","2E,4Z-decadienal"
"159","2E,4E-decadienal"
"160","undecanal"
"161","dodecanal"
"162","citral"
"163","neral"
"164","geranial"
"165","citronellal"
"166","farnesal"
"167","benzaldehyde"
"168","3-methylbenzaldehyde"
"169","4-methylbenzaldehyde"
"170","salicylaldehyde"
"171","4-hydroxybenzaldehyde"
"172","3-methoxybenzaldehyde"
"173","anisaldehyde"
"174","2-phenylacetaldehyde"
"175","3-phenylpropanal"
"176","cinnamaldehyde"
"177","KETONES"
"178","acetone"
"179","2-butanone"
"180","3-hydroxy-2-butanone"
"181","3-buten-2-one"
"182","2-pentanone"
"183","3-pentanone"
"184","l-penten-3-one"
"185","3-penten-2-one"
"186","cyclopentanone"
"187","2-ethylcyclopentanone"
"188","2-methyl-3-pentanone"
"189","mesityloxide"
"190","4-hydroxy-4-methyl-2-pentanone"
"191","2,4-dimethylpentan-3-one"
"192","2-hexanone"
"193","2-hydroxy-2,6,6-trimethylcyclohexanone"
"194","2-heptanone"
"195","4-methyl-3-heptanone"
"196","methylheptenone"
"197","6-methyl-5-hepten-2-one"
"198","6-methyl-35-heptadien-2-one"
"199","2-octanone"
"200","3E,5E-octadien-2-one"
"201","2-nonanone"
"202","trans-2-nonen-4-one"
"203","undecanone"
"204","2-dodecanone"
"205","pseudo-ionone"
"206","geranylacetone"
"207","farnesylacetone"
"208","tt-ionone"
"209","ß-ionone"
"210","•y-ionone"
"211","epoxy-0-ionone"
"212","carvone"
"213","acetophenone"
"214","4-methylacetophenone"
"215","2-hydroxyacetophenone"
"216","4-methoxyacetophenone"
"217","4-methyl-4-phenyl-2-pentanone"
"218","l-phenyl-2-propanone"
"219","l-phenyl-2-butanone"
"220","DICARBONYLCOMPOUNDS"
"221","glyoxal"
"222","methylglyoxal"
"223","biacetyl"
"224","2-oxo-3-butenal"
"225","2,3-pentanedione"
"226","2,3-heptanedione"
"227","ACIDS"
"228","formic"
"229","acetic"
"230","propanoic"
"231","2-methylpropanoic"
"232","butanoic"
"233","2-methylbutanoic"
"234","3-methylbutanoic"
"235","pentanoic"
"236","4-methylpentanoic"
"237","hexanoic"
"238","4-hexenoic"
"239","heptanoic"
"240","octanoic"
"241","geranic"
"242","nonanoic"
"243","myristic"
"244","pentadecanoic"
"245","palmitic"
"246","stearic"
"247","oleic"
"248","linoleic"
"249","linolenic"
"250","benzoic"
"251","salicylic"
"252","2-phenylacetic"
"253","cinnamic"
"254","4-hydroxycinnamic"
"255","ESTERS"
"256","methylfonnate"
"257","ethylfonnate"
"258","pentylfonnate"
"259","phenetylfonnate"
"260","methylacetate"
"261","ethylacetate"
"262","propylacetate"
"263","butylacetate"
"264","2-methylbutylacetate"
"265","isopentylacetate"
"266","pentylacetate"
"267","hexylacetate"
"268","trans-2-hexenylacetate"
"269","3-hexenylacetate"
"270","cis-3-hexenylacetate"
"271","trans-3-hexeny1acetate2"
"272","heptylacetate"
"273","6-methylheptylacetate"
"274","nonylacetate"
"275","phenethylacetate"
"276","citronellylacetate"
"277","geranylacetate"
"278","linalylacetate"
"279","ethylpropanoate"
"280","isopentylpropanoate"
"281","citronellylpropanoate"
"282","methylbutanoate"
"283","2-butylbutanoate"
"284","isopentylbutanoate"
"285","citronellylbutanoate"
"286","geranylbutanoate"
"287","isobutyl3-methylbutanoate"
"288","2-methylbutyl3-methylbutanoate"
"289","isopentyl3-methylbutanoate"
"290","isobutylpentanoate"
"291","isopentylpentanoate"
"292","methylhexanoate"
"293","ethylhexanoate"
"294","butylhexanoate"
"295","isopentylhexanoate"
"296","hexylhexanoate"
"297","isopentylheptanoate"
"298","methyloctanoate"
"299","propylnonanoate"
"300","isopentylnonanoate"
"301","propyldecanoate"
"302","isopentyldecanoate"
"303","methylmyristate"
"304","ethylmyristate"
"305","methylpentadecanoate"
"306","methylpalmitate"
"307","ethylpalmitate"
"308","methyloléate"
"309","methyllinoleate"
"310","ethyllinoleate"
"311","methyllinolenate"
"312","ethyllinolenate"
"313","methylsalicylate"
"314","ethylsalicylate"
"315","LACTONES"
"316","7-butyrolactone"
"317","2-methyl-4-butanolide"
"318","3-methyl-2-buten-4-olide"
"319","4-pentanolide"
"320","3-methyl-4-pentanolide"
"321","4-hexanolide"
"322","6-hydroxy-5-hexanolide"
"323","4-octanolide"
"324","5-octanolide"
"325","4-nonanolide"
"326","2,4-dimethyl-2-nonen-4-olide"
"327","dihydroactinidiolide"
"328","phtalide"
"329","SULFURCOMPOUNDS"
"330","hydrogensulfide"
"331","dimethylsulfide"
"332","ethylmethylsulfide"
"333","dimethyldisulfide"
"334","methylpropyldisulfide"
"335","methanethiol"
"336","2-(methylthio)ethanol"
"337","3(methylthio)-propanol"
"338","5(methylthio)-l-pentanol"
"339","2(methylthio)-acetaldehyde"
"340","3(methylthio)-propanal"
"341","methyl-methanethiosulfonate"
"342","NITROGENCOMPOUNDS"
"343","methylamine"
"344","ethylamine"
"345","dimethylamine"
"346","trimethylamine"
"347","propylamine"
"348","butylamine"
"349","isobutylamine"
"350","dimethylethylamine"
"351","diethylamine"
"352","2-methylbutylamine"
"353","pentylamine"
"354","isopentylamine"
"355","diphenylamine"
"356","3-methylbutanal-oxime"
"357","butanenitrile"
"358","3-methylbutanenitrile"
"359","pentanenitrile"
"360","benzylcyanide"
"361","3-methylnitrobutane"
"362","3-hydroxy-3-methylnitrobutane"
"363","HALOGENCOMPOUNDS"
"364","trichloromethane"
"365","trichloroethylene"
"366","1,2-dichlorobenzene"
"367","OXYGEN-CONTAININGHETEROCYCLICCOMPOUNDS"
"368","furan"
"369","2-methylfuran"
"370","2-ethylfuran"
"371","2-propylfuran"
"372","2-isobutenylfuran"
"373","2-isopropyl-5-methylfuran"
"374","2-isopropenyl-5-methylfuran"
"375","2-methyl-5-propenylfuran"
"376","2-pentylfuran"
"377","2-hexylfuran"
"378","2-heptylfuran"
"379","acetylfuran"
"380","2-acetylfuran"
"381","furfural"
"382","5-methylfurfural"
"383","2-acetyl-5-methylfuran"
"384","2-acetonyl-5-methylfuran"
"385","methyl-2-furancarboxylate"
"386","dibenzofuran"
"387","furfurylalcohol"
"388","2-furancarboxylicacid"
"389","2-methyltetrahydro-3-furanone"
"390","linalooloxideI.orII."
"391","linalooloxideI."
"392","linalooloxideII."
"393","linaloolIII.orIV."
"394","structure)"
"395","1,4-dioxane"
"396","2,2,4-trimethyl-l3-dioxolane"
"397","2,7-dioxa-l,3,3-trimethylbicycloheptane"
"398","ó.S-dioxa-l.S-dimethylbicyclooctane"
"399","SULFUR-CONTAININGHETEROCYCLICCOMPOUNDS"
"400","2-forraylthiophene"
"401","3-formylthiophene"
"402","2-formyl-5-methylthiophene"
"403","2-acetylthiophene"
"404","2-thiophenecarboxyIicacid"
"405","NITROGEN-CONTAININGHETEROCYCLICCOMPOUNDS"
"406","pyrrole"
"407","2,5-dimethylpyrrole"
"408","2-formylpyrrole"
"409","2-acetylpyrrole"
"410","pyridine"
"411","2-formylpyridine"
"412","methylpyrazine"
"413","2-methylpyrazine"
"414","2,6-dimethylpyrazine"
"415","2-ethyl-6-vinylpyrazine"
"416","2-isopropyl-3-methoxypyrazine"
"417","indene"
"418","SULFUR-ANDNITROGEN-CONTAININGHETEROCYCLICCOMPOUNDS"
"419","2-propylthiazole"
"420","2-isobutylthiazole"
"421","2-sec-butylthiazole"
"422","2-isopropyl-4-methylthiazole"
"423","benzothiazole"
"424","NITROGEN-ANDOXYGEN-CONTAININGCOMPOUNDS"
"425","4-butyloxazole"
"426","5-pentyl-4-ethyloxazole"
"427","4,5-dimethylisoxazole"
